{
  "quartile_steps": [
    0,
    499,
    999,
    1499,
    1999
  ],
  "dpo_mu": [
    5.000999927520752,
    5.53030252456665,
    6.032449722290039,
    6.461288928985596,
    6.780736923217773
  ],
  "dpo_sigma": [
    1.998000979423523,
    1.370710849761963,
    1.0313431024551392,
    0.75748610496521,
    0.536900520324707
  ],
  "kto_mu": [
    5.000999927520752,
    5.568068981170654,
    6.128249645233154,
    6.4871625900268555,
    6.634786605834961
  ],
  "kto_sigma": [
    2.0020010471343994,
    1.2615125179290771,
    0.840907096862793,
    0.6405544877052307,
    0.6365832090377808
  ]
}