{
  "dpo": {
    "around": {
      "init_mu": 7.0,
      "final_mu": 6.91770076751709,
      "final_sigma": 0.4842543601989746
    },
    "left": {
      "init_mu": 3.0,
      "final_mu": 4.300734996795654,
      "final_sigma": 3.4491167068481445
    },
    "right": {
      "init_mu": 11.0,
      "final_mu": 9.296553611755371,
      "final_sigma": 1.6468820571899414
    }
  },
  "kto": {
    "around": {
      "init_mu": 7.0,
      "final_mu": 6.7514166831970215,
      "final_sigma": 0.6775415539741516
    },
    "left": {
      "init_mu": 3.0,
      "final_mu": 4.260979175567627,
      "final_sigma": 4.956130027770996
    },
    "right": {
      "init_mu": 11.0,
      "final_mu": 7.877192974090576,
      "final_sigma": 1.2204535007476807
    }
  }
}