{
  "dpo_final_mu": 6.780736923217773,
  "dpo_final_sigma": 0.536900520324707,
  "kto_final_mu": 6.634786605834961,
  "kto_final_sigma": 0.6365832090377808,
  "train_eval_splits": {
    "dpo": {
      "train_size": 8000,
      "eval_size": 2000
    },
    "kto": {
      "train_size": 1361933,
      "eval_size": 340483
    }
  }
}