{
  "epsilons": [
    0.5,
    1.0,
    1.5,
    2.0
  ],
  "final_sigmas": [
    0.33034878969192505,
    0.4790503978729248,
    0.6568828821182251,
    0.779477596282959
  ]
}