{
  "epsilons": [
    0.5,
    1.0,
    1.5,
    2.0
  ],
  "final_sigmas": [
    0.3306320011615753,
    0.47058409452438354,
    0.6373500823974609,
    0.7800472974777222
  ]
}