{
  "quartile_steps": [
    0,
    499,
    999,
    1499,
    1999
  ],
  "dpo_sigmas": [
    1.998000979423523,
    1.370710849761963,
    1.0313431024551392,
    0.75748610496521,
    0.536900520324707
  ],
  "kto_sigmas": [
    2.0020010471343994,
    1.2615125179290771,
    0.840907096862793,
    0.6405544877052307,
    0.6365832090377808
  ]
}