{
  "dpo_final": {
    "mus": [
      4.529251575469971,
      7.072202682495117
    ],
    "sigmas": [
      0.2923480272293091,
      0.8291417360305786
    ],
    "logits": [
      -1.3091301918029785,
      1.3091301918029785
    ]
  },
  "kto_final": {
    "mus": [
      4.0414204597473145,
      7.02964448928833
    ],
    "sigmas": [
      1.6644173860549927,
      1.2977261543273926
    ],
    "logits": [
      -1.2806880474090576,
      1.2806880474090576
    ]
  },
  "train_eval_splits": {
    "dpo": {
      "train_size": 800,
      "eval_size": 200
    },
    "kto": {
      "train_size": 800,
      "eval_size": 200
    }
  }
}