{
  "dpo": {
    "around": {
      "init_means": [
        6.5,
        7.5
      ],
      "final_weights": [
        0.9758908152580261,
        0.024109164252877235
      ]
    },
    "left": {
      "init_means": [
        2.5,
        3.5
      ],
      "final_weights": [
        0.09335636347532272,
        0.9066436290740967
      ]
    },
    "right": {
      "init_means": [
        10.5,
        11.5
      ],
      "final_weights": [
        0.9262136816978455,
        0.07378629595041275
      ]
    }
  },
  "kto": {
    "around": {
      "init_means": [
        6.5,
        7.5
      ],
      "final_weights": [
        0.7962746024131775,
        0.2037254422903061
      ]
    },
    "left": {
      "init_means": [
        2.5,
        3.5
      ],
      "final_weights": [
        0.03924569487571716,
        0.9607542753219604
      ]
    },
    "right": {
      "init_means": [
        10.5,
        11.5
      ],
      "final_weights": [
        0.9753290414810181,
        0.02467099390923977
      ]
    }
  }
}