{
  "dpo_final": {
    "mus": [
      4.156677722930908,
      7.455692291259766
    ],
    "sigmas": [
      0.5468242764472961,
      0.9418336153030396
    ],
    "logits": [
      -1.2471429109573364,
      1.247143030166626
    ]
  },
  "kto_final": {
    "mus": [
      3.928158760070801,
      7.6195149421691895
    ],
    "sigmas": [
      2.140735387802124,
      1.212108850479126
    ],
    "logits": [
      -1.2310866117477417,
      1.2310866117477417
    ]
  },
  "train_eval_splits": {
    "dpo": {
      "train_size": 800,
      "eval_size": 200
    },
    "kto": {
      "train_size": 800,
      "eval_size": 200
    }
  }
}