{
  "dpo": {
    "around": {
      "init_mu": 7.0,
      "final_mu": 6.918760299682617,
      "final_sigma": 0.48163995146751404
    },
    "left": {
      "init_mu": 3.0,
      "final_mu": 4.292454242706299,
      "final_sigma": 3.4864485263824463
    },
    "right": {
      "init_mu": 11.0,
      "final_mu": 9.217829704284668,
      "final_sigma": 1.5430729389190674
    }
  },
  "kto": {
    "around": {
      "init_mu": 7.0,
      "final_mu": 6.725642681121826,
      "final_sigma": 0.6837319731712341
    },
    "left": {
      "init_mu": 3.0,
      "final_mu": 4.307573318481445,
      "final_sigma": 4.705914497375488
    },
    "right": {
      "init_mu": 11.0,
      "final_mu": 7.726943492889404,
      "final_sigma": 1.1037099361419678
    }
  }
}