{
  "dpo": {
    "0.1": {
      "final_mus": [
        4.168824195861816,
        8.351469993591309
      ],
      "final_sigmas": [
        0.644702136516571,
        0.8657841682434082
      ],
      "final_logits": [
        -0.9083134531974792,
        0.908313512802124
      ],
      "splits": {
        "train_size": 800,
        "eval_size": 200
      },
      "shared_eval": {
        "mean_reward": -1.594528079032898,
        "reward_std": 0.9315963983535767,
        "zone_occupancy": 0.4903999865055084,
        "entropy": 1.640542984008789,
        "sigma_summary": 0.8348682522773743
      }
    },
    "1.0": {
      "final_mus": [
        4.156677722930908,
        7.455692291259766
      ],
      "final_sigmas": [
        0.5468242764472961,
        0.9418336153030396
      ],
      "final_logits": [
        -1.2471429109573364,
        1.247143030166626
      ],
      "splits": {
        "train_size": 800,
        "eval_size": 200
      },
      "shared_eval": {
        "mean_reward": -0.9900367259979248,
        "reward_std": 0.8067906498908997,
        "zone_occupancy": 0.7814000248908997,
        "entropy": 1.5606884956359863,
        "sigma_summary": 0.9117103219032288
      }
    }
  },
  "kto": {
    "0.1": {
      "final_mus": [
        3.83516526222229,
        7.664422512054443
      ],
      "final_sigmas": [
        2.7491531372070312,
        0.8664809465408325
      ],
      "final_logits": [
        -1.3154280185699463,
        1.3154281377792358
      ],
      "splits": {
        "train_size": 103588,
        "eval_size": 25897
      },
      "shared_eval": {
        "mean_reward": -1.0548875331878662,
        "reward_std": 1.0669561624526978,
        "zone_occupancy": 0.7925999760627747,
        "entropy": 1.5083167552947998,
        "sigma_summary": 0.9929565191268921
      }
    },
    "0.5": {
      "final_mus": [
        4.039308547973633,
        7.859869003295898
      ],
      "final_sigmas": [
        1.8189947605133057,
        1.1544158458709717
      ],
      "final_logits": [
        -1.1831073760986328,
        1.1831073760986328
      ],
      "splits": {
        "train_size": 121949,
        "eval_size": 30487
      },
      "shared_eval": {
        "mean_reward": -1.304647445678711,
        "reward_std": 1.055066704750061,
        "zone_occupancy": 0.6528000235557556,
        "entropy": 1.7777656316757202,
        "sigma_summary": 1.211427092552185
      }
    }
  }
}