{
  "quartile_steps": [
    0,
    499,
    999,
    1499,
    1999
  ],
  "dpo_mu": [
    5.000999927520752,
    5.530455589294434,
    6.026576995849609,
    6.4423065185546875,
    6.75978946685791
  ],
  "dpo_sigma": [
    1.998000979423523,
    1.358454942703247,
    1.0130369663238525,
    0.7645753026008606,
    0.5532543659210205
  ],
  "kto_mu": [
    5.000999927520752,
    5.566999912261963,
    6.1264262199401855,
    6.4881768226623535,
    6.638213157653809
  ],
  "kto_sigma": [
    1.998000979423523,
    1.2684983015060425,
    0.8503137826919556,
    0.6545292139053345,
    0.6528395414352417
  ]
}