{
  "dpo": {
    "0.1": {
      "final_mu": 6.7098822593688965,
      "final_sigma": 0.6395804286003113,
      "splits": {
        "train_size": 800,
        "eval_size": 200
      },
      "effective_good_mass": 0.0,
      "fresh_test": {
        "loss": 0.06352987885475159,
        "margin": 12.259961128234863,
        "mean_reward": -2.770153522491455,
        "effective_good_mass": 0.0
      }
    },
    "1.0": {
      "final_mu": 6.758788585662842,
      "final_sigma": 0.5132982134819031,
      "splits": {
        "train_size": 800,
        "eval_size": 200
      },
      "effective_good_mass": 0.6269999742507935,
      "fresh_test": {
        "loss": 0.07485955208539963,
        "margin": 16.01923179626465,
        "mean_reward": -1.4152292013168335,
        "effective_good_mass": 0.6060000061988831
      }
    }
  },
  "kto": {
    "0.1": {
      "final_mu": 6.568017482757568,
      "final_sigma": 0.48554354906082153,
      "splits": {
        "train_size": 106382,
        "eval_size": 26595
      },
      "effective_good_mass": 0.03797649219632149,
      "fresh_test": {
        "loss": 0.02592352218925953,
        "mean_reward": -3.131547689437866,
        "effective_good_mass": 0.03803025931119919
      }
    },
    "0.5": {
      "final_mu": 6.6306281089782715,
      "final_sigma": 0.6515083312988281,
      "splits": {
        "train_size": 120244,
        "eval_size": 30061
      },
      "effective_good_mass": 0.467083603143692,
      "fresh_test": {
        "loss": 0.26016879081726074,
        "mean_reward": -2.067476749420166,
        "effective_good_mass": 0.46799325942993164
      }
    }
  }
}