{
  "dpo": {
    "0.1": {
      "final_mu": 6.7406182289123535,
      "final_sigma": 0.6364145278930664,
      "splits": {
        "train_size": 8000,
        "eval_size": 2000
      },
      "shared_eval": {
        "mean_reward": -0.5555036067962646,
        "reward_std": 0.4214702546596527,
        "zone_occupancy": 0.9675999879837036,
        "sigma_summary": 0.6364145278930664
      }
    },
    "1.0": {
      "final_mu": 6.780032634735107,
      "final_sigma": 0.5394071340560913,
      "splits": {
        "train_size": 8000,
        "eval_size": 2000
      },
      "shared_eval": {
        "mean_reward": -0.46247953176498413,
        "reward_std": 0.34769657254219055,
        "zone_occupancy": 0.991599977016449,
        "sigma_summary": 0.5394071340560913
      }
    }
  },
  "kto": {
    "0.1": {
      "final_mu": 6.582581996917725,
      "final_sigma": 0.5152353048324585,
      "splits": {
        "train_size": 1166069,
        "eval_size": 291517
      },
      "shared_eval": {
        "mean_reward": -0.5368870496749878,
        "reward_std": 0.38845759630203247,
        "zone_occupancy": 0.9782000184059143,
        "sigma_summary": 0.5152353048324585
      }
    },
    "0.5": {
      "final_mu": 6.643493175506592,
      "final_sigma": 0.6454275846481323,
      "splits": {
        "train_size": 1361914,
        "eval_size": 340479
      },
      "shared_eval": {
        "mean_reward": -0.5902325510978699,
        "reward_std": 0.437314510345459,
        "zone_occupancy": 0.9610000252723694,
        "sigma_summary": 0.6454275846481323
      }
    }
  }
}