{
  "alpha": [
    0.1,
    0.3,
    0.5,
    0.7,
    0.9
  ],
  "dpo_single_mu": [
    6.787333965301514,
    6.770962238311768,
    6.76206636428833,
    6.791388511657715,
    6.808504581451416
  ],
  "dpo_single_sigma": [
    0.5516910552978516,
    0.5872496366500854,
    0.5696930289268494,
    0.5231502652168274,
    0.4313984215259552
  ],
  "kto_single_mu": [
    5.9774932861328125,
    6.028397083282471,
    6.063403129577637,
    6.081120491027832,
    6.003446102142334
  ],
  "kto_single_sigma": [
    0.7535653114318848,
    0.8963285684585571,
    1.0051504373550415,
    1.1232787370681763,
    1.2835839986801147
  ],
  "dpo_mix_mu_c0": [
    4.317196846008301,
    4.350180625915527,
    4.4365644454956055,
    4.446899890899658,
    4.373547077178955
  ],
  "dpo_mix_sigma_c0": [
    0.4963611364364624,
    0.48483049869537354,
    0.4352063536643982,
    0.33160704374313354,
    2.7737817764282227
  ],
  "dpo_mix_weight_c0": [
    0.05582236498594284,
    0.06257365643978119,
    0.068510502576828,
    0.07726473361253738,
    0.080184705555439
  ],
  "kto_mix_mu_c0": [
    3.9030632972717285,
    3.9646384716033936,
    4.028945446014404,
    4.119892597198486,
    4.156069278717041
  ],
  "kto_mix_sigma_c0": [
    2.3540124893188477,
    2.1087441444396973,
    1.6792336702346802,
    1.2171831130981445,
    1.0432482957839966
  ],
  "kto_mix_weight_c0": [
    0.07114598155021667,
    0.06858984380960464,
    0.07040639966726303,
    0.07915980368852615,
    0.10053750872612
  ],
  "dpo_mix_mu_c1": [
    7.185831069946289,
    7.121849536895752,
    7.097192764282227,
    7.131397247314453,
    7.113152980804443
  ],
  "dpo_mix_sigma_c1": [
    1.0529541969299316,
    1.0395781993865967,
    0.9485033750534058,
    0.8240269422531128,
    0.7126716375350952
  ],
  "dpo_mix_weight_c1": [
    0.9441776871681213,
    0.9374263286590576,
    0.9314895272254944,
    0.9227352142333984,
    0.9198153018951416
  ],
  "kto_mix_mu_c1": [
    7.2295966148376465,
    7.076131820678711,
    7.077887058258057,
    7.099089622497559,
    7.148766994476318
  ],
  "kto_mix_sigma_c1": [
    0.9420231580734253,
    1.1939996480941772,
    1.2960387468338013,
    1.4117155075073242,
    1.5472369194030762
  ],
  "kto_mix_weight_c1": [
    0.9288540482521057,
    0.9314101934432983,
    0.9295936226844788,
    0.9208401441574097,
    0.8994625210762024
  ]
}