{
  "dpo_final_mu": 6.75978946685791,
  "dpo_final_sigma": 0.5532543659210205,
  "kto_final_mu": 6.638213157653809,
  "kto_final_sigma": 0.6528395414352417,
  "train_eval_splits": {
    "dpo": {
      "train_size": 800,
      "eval_size": 200
    },
    "kto": {
      "train_size": 120154,
      "eval_size": 30039
    }
  }
}