{
  "dpo": {
    "around": {
      "init_means": [
        6.5,
        7.5
      ],
      "final_weights": [
        0.037540849298238754,
        0.962459146976471
      ]
    },
    "left": {
      "init_means": [
        2.5,
        3.5
      ],
      "final_weights": [
        0.09729784727096558,
        0.9027021527290344
      ]
    },
    "right": {
      "init_means": [
        10.5,
        11.5
      ],
      "final_weights": [
        0.9271367192268372,
        0.07286330312490463
      ]
    }
  },
  "kto": {
    "around": {
      "init_means": [
        6.5,
        7.5
      ],
      "final_weights": [
        0.4526120722293854,
        0.547387957572937
      ]
    },
    "left": {
      "init_means": [
        2.5,
        3.5
      ],
      "final_weights": [
        0.06362707912921906,
        0.9363728761672974
      ]
    },
    "right": {
      "init_means": [
        10.5,
        11.5
      ],
      "final_weights": [
        0.9658750295639038,
        0.03412496671080589
      ]
    }
  }
}