{
  "weights": [
    0.4991479814052582,
    0.2633921504020691,
    0.2374599128961563
  ],
  "means": [
    3.0178544521331787,
    6.916924953460693,
    9.605420112609863
  ],
  "sigmas": [
    0.9884445071220398,
    0.7490328550338745,
    1.4548410177230835
  ]
}