{
  "alpha": [
    0.1,
    0.3,
    0.5,
    0.7,
    0.9
  ],
  "dpo_single_mu": [
    6.7098822593688965,
    6.717003345489502,
    6.758757591247559,
    6.787319183349609,
    6.78870153427124
  ],
  "dpo_single_sigma": [
    0.6395804286003113,
    0.5902685523033142,
    0.6061915159225464,
    0.5612376928329468,
    0.5240352153778076
  ],
  "dpo_single_eff": [
    0.0,
    0.07699999958276749,
    0.2939999997615814,
    0.47200000286102295,
    0.5559999942779541
  ],
  "kto_single_mu": [
    5.969401836395264,
    6.025379180908203,
    6.05436372756958,
    6.082561016082764,
    6.020068645477295
  ],
  "kto_single_sigma": [
    0.7498488426208496,
    0.9002378582954407,
    0.9939408302307129,
    1.118358850479126,
    1.2738735675811768
  ],
  "kto_single_eff": [
    0.07448157668113708,
    0.38981616497039795,
    0.5605122447013855,
    0.7493640184402466,
    0.9645362496376038
  ],
  "dpo_mix_mu_c0": [
    4.168824195861816,
    4.243651390075684,
    4.230027675628662,
    4.215476036071777,
    4.258191108703613
  ],
  "dpo_mix_sigma_c0": [
    0.644702136516571,
    0.6063843965530396,
    0.6299678087234497,
    0.5304804444313049,
    0.5124379396438599
  ],
  "dpo_mix_weight_c0": [
    0.13983909785747528,
    0.10844377428293228,
    0.10875608026981354,
    0.09527307003736496,
    0.08080262690782547
  ],
  "kto_mix_mu_c0": [
    3.83516526222229,
    3.8115627765655518,
    4.039308547973633,
    4.26658821105957,
    4.467495918273926
  ],
  "kto_mix_sigma_c0": [
    2.7491531372070312,
    2.7129650115966797,
    1.8189947605133057,
    1.18330979347229,
    0.9991331696510315
  ],
  "kto_mix_weight_c0": [
    0.06717877835035324,
    0.07473292201757431,
    0.08578553795814514,
    0.10504088550806046,
    0.1393001228570938
  ],
  "dpo_mix_mu_c1": [
    8.351469993591309,
    8.056724548339844,
    7.893506050109863,
    7.607158660888672,
    7.5264434814453125
  ],
  "dpo_mix_sigma_c1": [
    0.8657841682434082,
    0.9498140215873718,
    0.9592635035514832,
    0.939106285572052,
    0.9163032174110413
  ],
  "dpo_mix_weight_c1": [
    0.8601608872413635,
    0.8915562033653259,
    0.8912439346313477,
    0.9047269225120544,
    0.9191973805427551
  ],
  "kto_mix_mu_c1": [
    7.664422512054443,
    7.727510452270508,
    7.859869003295898,
    7.982736587524414,
    8.142083168029785
  ],
  "kto_mix_sigma_c1": [
    0.8664809465408325,
    1.0872400999069214,
    1.1544158458709717,
    1.159724235534668,
    1.169081449508667
  ],
  "kto_mix_weight_c1": [
    0.9328211545944214,
    0.9252670407295227,
    0.9142144918441772,
    0.8949591517448425,
    0.8606998324394226
  ]
}