{
  "epsilons": [
    0.5,
    1.0,
    1.5,
    2.0
  ],
  "final_sigmas": [
    0.3217428922653198,
    0.4731026887893677,
    0.6387687921524048,
    0.7811994552612305
  ]
}