{
  "dpo": {
    "0.1": {
      "final_mus": [
        4.168824195861816,
        8.351469993591309
      ],
      "final_sigmas": [
        0.644702136516571,
        0.8657841682434082
      ],
      "final_logits": [
        -0.9083134531974792,
        0.908313512802124
      ],
      "splits": {
        "train_size": 800,
        "eval_size": 200
      },
      "effective_good_mass": 0.4830000102519989,
      "fresh_test": {
        "loss": 0.08874072134494781,
        "margin": 15.168990135192871,
        "mean_reward": -3.9607479572296143,
        "effective_good_mass": 0.0
      }
    },
    "1.0": {
      "final_mus": [
        4.156677722930908,
        7.455692291259766
      ],
      "final_sigmas": [
        0.5468242764472961,
        0.9418336153030396
      ],
      "final_logits": [
        -1.2471429109573364,
        1.247143030166626
      ],
      "splits": {
        "train_size": 800,
        "eval_size": 200
      },
      "effective_good_mass": 0.7739999890327454,
      "fresh_test": {
        "loss": 0.10718730092048645,
        "margin": 16.121225357055664,
        "mean_reward": -2.7323174476623535,
        "effective_good_mass": 0.32199999690055847
      }
    }
  },
  "kto": {
    "0.1": {
      "final_mus": [
        3.83516526222229,
        7.664422512054443
      ],
      "final_sigmas": [
        2.7491531372070312,
        0.8664809465408325
      ],
      "final_logits": [
        -1.3154280185699463,
        1.3154281377792358
      ],
      "splits": {
        "train_size": 103588,
        "eval_size": 25897
      },
      "effective_good_mass": 0.7785000205039978,
      "fresh_test": {
        "loss": 0.030037807300686836,
        "mean_reward": -5.600156307220459,
        "effective_good_mass": 0.038773976266384125
      }
    },
    "0.5": {
      "final_mus": [
        4.039308547973633,
        7.859869003295898
      ],
      "final_sigmas": [
        1.8189947605133057,
        1.1544158458709717
      ],
      "final_logits": [
        -1.1831073760986328,
        1.1831073760986328
      ],
      "splits": {
        "train_size": 121949,
        "eval_size": 30487
      },
      "effective_good_mass": 0.6460000276565552,
      "fresh_test": {
        "loss": 0.25521349906921387,
        "mean_reward": -3.7554168701171875,
        "effective_good_mass": 0.4736427068710327
      }
    }
  }
}