{
  "0.1": {
    "dpo": {
      "final_mus": [
        4.317196846008301,
        7.185831069946289
      ],
      "final_sigmas": [
        0.4963611364364624,
        1.0529541969299316
      ],
      "final_logits": [
        -1.4140700101852417,
        1.4140698909759521
      ],
      "splits": {
        "train_size": 800,
        "eval_size": 200
      }
    },
    "kto": {
      "final_mus": [
        3.9030632972717285,
        7.2295966148376465
      ],
      "final_sigmas": [
        2.3540124893188477,
        0.9420231580734253
      ],
      "final_logits": [
        -1.2846089601516724,
        1.2846088409423828
      ],
      "splits": {
        "train_size": 73594,
        "eval_size": 18398
      }
    }
  },
  "0.5": {
    "dpo": {
      "final_mus": [
        4.4365644454956055,
        7.097192764282227
      ],
      "final_sigmas": [
        0.4352063536643982,
        0.9485033750534058
      ],
      "final_logits": [
        -1.3048990964889526,
        1.304898977279663
      ],
      "splits": {
        "train_size": 800,
        "eval_size": 200
      }
    },
    "kto": {
      "final_mus": [
        4.028945446014404,
        7.077887058258057
      ],
      "final_sigmas": [
        1.6792336702346802,
        1.2960387468338013
      ],
      "final_logits": [
        -1.2902315855026245,
        1.290231704711914
      ],
      "splits": {
        "train_size": 126395,
        "eval_size": 31599
      }
    }
  }
}