{
  "epsilons": [
    0.5,
    1.0,
    1.5,
    2.0
  ],
  "final_sigmas": [
    0.31787988543510437,
    0.4782591760158539,
    0.6551384329795837,
    0.7874778509140015
  ]
}