{
  "quartile_steps": [
    0,
    499,
    999,
    1499,
    1999
  ],
  "dpo_sigmas": [
    1.998000979423523,
    1.358454942703247,
    1.0130369663238525,
    0.7645753026008606,
    0.5532543659210205
  ],
  "kto_sigmas": [
    1.998000979423523,
    1.2684983015060425,
    0.8503137826919556,
    0.6545292139053345,
    0.6528395414352417
  ]
}