{
  "0.1": {
    "dpo": {
      "final_mu": 6.784654140472412,
      "final_sigma": 0.5525312423706055,
      "splits": {
        "train_size": 800,
        "eval_size": 200
      }
    },
    "kto": {
      "final_mu": 6.577565670013428,
      "final_sigma": 0.49259117245674133,
      "splits": {
        "train_size": 106121,
        "eval_size": 26530
      }
    }
  },
  "0.5": {
    "dpo": {
      "final_mu": 6.795311450958252,
      "final_sigma": 0.5590862035751343,
      "splits": {
        "train_size": 800,
        "eval_size": 200
      }
    },
    "kto": {
      "final_mu": 6.6458001136779785,
      "final_sigma": 0.6613402366638184,
      "splits": {
        "train_size": 120126,
        "eval_size": 30031
      }
    }
  }
}